r,lambda,zeta_abs
0.05,0.2525,1.7087292529862185e-19
0.053555007465392886,0.2528681388246183,1.9092526911096656e-19
0.05711001493078577,0.25326155380539456,2.1491122640318198e-19
0.06066502239617865,0.2536802449423289,2.4369136563020924e-19
0.06422002986157153,0.25412421223542114,2.783461120516795e-19
0.06777503732696442,0.2545934556846714,3.202370841258228e-19
0.0713300447923573,0.2550879752900797,3.710870992272754e-19
0.07488505225775019,0.255607771051646,4.3308492379413233e-19
0.07844005972314307,0.25615284296937024,5.090229441670017e-19
0.08199506718853596,0.25672319104325253,6.024788009704736e-19
0.08555007465392883,0.2573188152732928,7.180559540945366e-19
0.08910508211932172,0.2579397156594911,8.617035356131511e-19
0.09266008958471461,0.25858589220184736,1.0411432770449123e-18
0.09621509705010749,0.2592573449003616,1.2664415707566707e-18
0.09977010451550036,0.2599540737550339,1.5507789794741142e-18
0.10332511198089325,0.2606760787658641,1.911489350873738e-18
0.10688011944628614,0.2614233599328524,2.37146840844859e-18
0.11043512691167902,0.26219591725599867,2.961090524066005e-18
0.11399013437707191,0.2629937507353029,3.720826970122698e-18
0.11754514184246478,0.2638168603707652,4.704835940857577e-18
0.12110014930785767,0.2646652461623854,5.985903558890459e-18
0.12465515677325055,0.2655389081101637,7.662269675320253e-18
0.12821016423864345,0.26643784621409994,9.867092356714583e-18
0.13176517170403632,0.2673620604741942,1.2781619238319312e-17
0.1353201791694292,0.26831155089044645,1.6653584090011603e-17
0.13887518663482207,0.26928631746285664,2.1822993664766848e-17
0.14243019410021496,0.27028636019142493,2.875840173529422e-17
0.14598520156560785,0.27131167907615117,3.810811375594871e-17
0.14954020903100074,0.2723622741170354,5.0772716907034194e-17
0.15309521649639363,0.2734381453140776,6.800816593436577e-17
0.15665022396178652,0.2745392926672779,9.157278727688385e-17
0.16020523142717938,0.2756657161766361,1.239376013831807e-16
0.16376023889257227,0.27681741584215236,1.685882076464276e-16
0.16731524635796516,0.27799439166382656,2.3045946659297227e-16
0.17087025382335802,0.2791966436416588,3.1656334104735006e-16
0.1744252612887509,0.28042417177564904,4.3689849031776366e-16
0.1779802687541438,0.2816769760657973,6.057719831446909e-16
0.1815352762195367,0.2829550565121035,8.437254432222051e-16
0.18509028368492958,0.28425841311456773,1.1803500189079524e-15
0.18864529115032247,0.28558704587318995,1.6584117310814427e-15
0.19220029861571536,0.28694095478797016,2.3399135097199705e-15
0.1957553060811082,0.28832013985890836,3.3150265206601038e-15
0.19931031354650108,0.28972460108600456,4.7152824686369e-15
0.20286532101189397,0.2911543384692588,6.7331079812089655e-15
0.20642032847728686,0.292609352008671,9.650819403545675e-15
0.20997533594267975,0.29408964170424123,1.3883759594978623e-14
0.21353034340807264,0.2955952075559694,2.004461839227505e-14
0.21708535087346553,0.29712604956385563,2.903954721091044e-14
0.22064035833885842,0.29868216772789985,4.221208319082414e-14
0.2241953658042513,0.30026356204810206,6.155909604704995e-14
0.22775037326964415,0.3018702325244622,9.005542173590349e-14
0.23130538073503704,0.3035021791569804,1.3214278266630547e-13
0.23486038820042993,0.30515940194565666,1.9446742731414776e-13
0.23841539566582282,0.30684190089049085,2.869948767597078e-13
0.2419704031312157,0.30854967599148303,4.2469724434817434e-13
0.2455254105966086,0.31028272724863326,6.301110644429959e-13
0.24908041806200149,0.31204105466194143,9.372202427280744e-13
0.2526354255273944,0.31382465823140765,1.3973584988509013e-12
0.2561904329927872,0.3156335379570318,2.088192844868513e-12
0.2597454404581801,0.317467693838814,3.1274123191008407e-12
0.263300447923573,0.31932712587675416,4.693608980704104e-12
0.2668554553889659,0.32121183407085235,7.058161805551365e-12
0.27041046285435877,0.32312181842110854,1.0633965635736092e-11
0.27396547031975166,0.3250570789275227,1.6049966372324074e-11
0.27752047778514455,0.3270176155900949,2.4265253613720963e-11
0.28107548525053744,0.32900342840882507,3.6743819475976573e-11
0.2846304927159303,0.33101451738371324,5.572239476745359e-11
0.28818550018132316,0.3330508825147594,8.46211365287566e-11
0.29174050764671605,0.3351125238019636,1.2867361217985217e-10
0.29529551511210894,0.33719944124532575,1.958934896598326e-10
0.29885052257750183,0.33931163484484594,2.9855824547576243e-10
0.3024055300428947,0.34144910460052413,4.5548676335996653e-10
0.3059605375082876,0.34361185051236026,6.955358685192882e-10
0.30951554497368045,0.3457998725803544,1.0629681071328873e-09
0.31307055243907334,0.34801317080450656,1.6256914669957771e-09
0.3166255599044662,0.3502517451848167,2.4879054627753642e-09
0.3201805673698591,0.3525155957212849,3.8095051060851965e-09
0.323735574835252,0.35480472241391103,5.835844217962322e-09
0.3272905823006449,0.3571191252626952,8.943369965926353e-09
0.3308455897660378,0.3594588042676374,1.3709557696032418e-08
0.3344005972314307,0.3618237594287375,2.102002511118737e-08
0.33795560469682356,0.3642139907459957,3.223248559115035e-08
0.3415106121622164,0.3666294982194118,4.942752066208057e-08
0.3450656196276093,0.36907028184898594,7.579183930345278e-08
0.3486206270930022,0.3715363416347181,1.1620350699378447e-07
0.35217563455839507,0.37402767757660826,1.7812473037225472e-07
0.35573064202378796,0.37654428967465636,2.729624335612566e-07
0.35928564948918085,0.3790861779288625,4.1813945978990995e-07
0.36284065695457374,0.38165334233922665,6.402438664588811e-07
0.3663956644199666,0.3842457829057488,9.798115283007793e-07
0.36995067188535946,0.3868634996284289,1.498579579697737e-06
0.37350567935075235,0.38950649250726704,2.2904719668439037e-06
0.37706068681614524,0.39217476154226316,3.4982131688396495e-06
0.38061569428153813,0.39486830673341733,5.338415208019622e-06
0.384170701746931,0.39758712808072944,8.139399070079556e-06
0.3877257092123239,0.40033122558419953,1.239811982145191e-05
0.3912807166777168,0.4031005992438277,1.8865696467818086e-05
0.3948357241431097,0.4058952490596138,2.867568934232679e-05
0.3983907316085026,0.40871517503155796,4.353613144128413e-05
0.4019457390738954,0.41156037715966,6.601644465429532e-05
0.4055007465392883,0.4144308554439201,9.997526934026456e-05
0.4090557540046812,0.41732660988433823,0.00015119710018292692
0.4126107614700741,0.42024764048091434,0.00022833762650846618
0.416165768935467,0.42319394723364845,0.0003443243980599802
0.41972077640085986,0.4261655301425406,0.0005184274564885763
0.42327578386625275,0.42916238920759076,0.0007793133142772515
0.42683079133164564,0.43218452442879884,0.0011695385855096758
0.4303857987970385,0.4352319358061649,0.001752145828777627
0.43394080626243137,0.438304623339689,0.0026203209081340317
0.43749581372782426,0.4414025870293711,0.003911496780663272
0.44105082119321715,0.4445258268752112,0.005827897084242108
0.44460582865861004,0.4476743428772093,0.008666379954910588
0.4481608361240029,0.4508481350353654,0.012861673927217975
0.4517158435893958,0.4540472033496795,0.01904884072419831
0.4552708510547887,0.4572715478201516,0.02815325812866545
0.4588258585201816,0.4605211684467817,0.04151987128693945
0.46238086598557443,0.46379606522956973,0.061098299265683456
0.4659358734509673,0.46709623816851586,0.08970713419845683
0.4694908809163602,0.47042168726361994,0.13141015292766786
0.4730458883817531,0.473772412514882,0.192050151633771
0.476600895847146,0.4771484139223021,0.2800040292227194
0.4801559033125389,0.48054969148588017,0.4072473529599483
0.48371091077793177,0.4839762452056163,0.5908503015524535
0.48726591824332466,0.4874280750815103,0.8550727353520344
0.4908209257087175,0.4909051811135624,1.2342883404531924
0.4943759331741104,0.4944075633017725,1.7770517902949474
0.49793094063950327,0.49793522164614057,2.5517358011870916
0.5014859481048962,0.5014881561466666,3.6543161055180753
0.505040955570289,0.5050663668033506,5.219083720818837
0.508595963035682,0.5086698536161929,7.433330859819194
0.5121509705010748,0.5122986165851928,10.557409070120874
0.5157059779664678,0.5159526557103509,14.952020646272215
0.5192609854318606,0.519631970991667,21.11520842145386
0.5228159928972534,0.523336562429141,29.732293978671294
0.5263710003626464,0.5270664300227731,41.74302883651806
0.5299260078280392,0.5308215737725631,58.431527232785086
0.5334810152934322,0.5346019936785111,81.54621596191232
0.537036022758825,0.5384076897406171,113.45915490294523
0.540591030224218,0.5422386619588813,157.37675757113362
0.5441460376896108,0.5460949103333033,217.61730018404958
0.5477010451550037,0.5499764348638834,299.97479810650583
0.5512560526203966,0.5538832355506214,412.1940213628389
0.5548110600857895,0.5578153123935176,564.5878119513883
0.5583660675511823,0.5617726653925715,770.8356753838124
0.5619210750165753,0.5657552945477836,1049.012091027402
0.5654760824819681,0.5697631998591537,1422.9043846125726
0.569031089947361,0.5737963813266815,1923.693610701777
0.5725860974127539,0.5778548389503677,2592.08798836582
0.5761411048781467,0.5819385727302117,3481.01729925254
0.5796961123435397,0.5860475826662137,4659.018550534772
0.5832511198089325,0.5901818687583738,6214.468338309558
0.5868061272743255,0.5943414310066919,8260.845860161797
0.5903611347397183,0.5985262694111678,10943.24245294318
0.5939161422051112,0.6027363839718018,14446.36876072087
0.5974711496705041,0.6069717746885939,19004.348861772643
0.6010261571358969,0.6112324415615438,24912.631348720413
0.6045811646012899,0.615518384590652,32542.38960327352
0.6081361720666827,0.6198296037759179,42357.826110701724
0.6116911795320756,0.624166099117342,54936.83696435114
0.6152461869974685,0.628527870614924,70995.53057491947
0.6188011944628614,0.632914918268664,91417.12634141365
0.6223562019282542,0.637327242078562,117285.78140260531
0.6259112093936472,0.641764842044618,149925.9027160758
0.62946621685904,0.646227718166832,190947.49316828887
0.6330212243244329,0.650715870445204,242298.04922494947
0.6365762317898258,0.655229298879734,306321.468356292
0.6401312392552186,0.659768003470422,385824.33137816074
0.6436862467206116,0.6643319842172681,484149.7920876508
0.6472412541860044,0.6689212411202721,605259.1284488129
0.6507962616513974,0.6735357741794341,753820.7808960611
0.6543512691167902,0.678175583394754,935306.4197515444
0.657906276582183,0.6828406687662318,1156093.2423290533
0.661461284047576,0.687531030293868,1423571.2999115854
0.6650162915129688,0.692246667977662,1746254.1967291674
0.6685712989783618,0.696987581817614,2133890.9915805496
0.6721263064437546,0.7017537718137239,2597576.5755717573
0.6756813139091475,0.706545237965992,3149857.208284177
0.6792363213745404,0.7113619802744179,3804827.285579411
0.6827913288399333,0.716203998739002,4578212.805794994
0.6863463363053262,0.7210712933597438,5487436.42248691
0.689901343770719,0.7259638641366437,6551658.450707425
0.6934563512361119,0.7308817110697019,7791787.763529128
0.6970113587015048,0.7358248341589178,9230456.212669536
0.7005663661668977,0.7407932334042918,10891950.070025882
0.7041213736322905,0.7457869088058238,12802092.054532504
0.7076763810976835,0.7508058603635137,14988067.818323601
0.7112313885630763,0.7558500880773616,17478191.351491515
0.7147863960284693,0.7609195919473677,20301604.653629232
0.7183414034938621,0.7660143719735316,23487908.232224014
0.7218964109592549,0.7711344281558535,27066720.531381033
0.7254514184246479,0.7762797604943336,31067166.26464249
0.7290064258900407,0.7814503689889715,35517295.8027611
0.7325614333554337,0.7866462536397675,40443440.21455773
0.7361164408208265,0.7918674144467214,45869509.221601106
0.7396714482862194,0.7971138514098334,51816242.133244894
0.7432264557516123,0.8023855645291033,58300424.68753412
0.7467814632170052,0.8076825538045314,65334087.53113372
0.7503364706823981,0.8130048192361172,72923704.71010177
0.7538914781477909,0.8183523608238611,81069412.88753052
0.7574464856131838,0.8237251785677631,89764273.92432562
0.7610014930785767,0.829123272467823,98993604.82880878
0.7645565005439696,0.834546642524041,108734399.78087713
0.7681115080093625,0.8399952887364169,118954868.86401068
0.7716665154747554,0.8454692111049509,129614117.21235496
0.7752215229401482,0.8509684096296428,140661986.44714388
0.7787765304055411,0.8564928843104926,152039077.51786405
0.782331537870934,0.8620426351475007,163676970.39688623
0.7858865453363268,0.8676176621406665,175498651.56127158
0.7894415528017198,0.8732179652899905,187419154.93215394
0.7929965602671126,0.8788435445954724,199346416.07211357
0.7965515677325056,0.8844944000571124,211182333.1410398
0.8001065751978984,0.8901705316749102,222824021.59072688
0.8036615826632914,0.8958719394488662,234165243.07096165
0.8072165901286842,0.9015986233789801,245097982.77159
0.810771597594077,0.907350583465252,255514143.68829238
0.81432660505947,0.913127819707682,265307321.31861547
0.8178816125248628,0.9189303321062698,274374618.29148185
0.8214366199902557,0.9247581206610158,282618455.6064826
0.8249916274556486,0.9306111853719197,289948335.65696234
0.8285466349210415,0.9364895262389816,296282512.1415851
0.8321016423864344,0.9423931432622015,301549523.3773672
0.8356566498518273,0.9483220364415795,305689548.4036354
0.8392116573172201,0.9542762057771154,308655549.53598666
0.842766664782613,0.9602556512688092,310414170.5619515
0.8463216722480059,0.9662603729166611,310946366.3790025
0.8498766797133988,0.9722903707206709,310247747.3287015
0.8534316871787917,0.978345644680839,308328629.5102584
0.8569866946441845,0.9844261947971648,305213790.6688089
0.8605417021095775,0.9905320210696488,300941939.5463943
0.8640967095749703,0.9966631234982906,295564914.552103
0.8676517170403633,1.0028195020830906,289146634.9706393
0.8712067245057561,1.0090011568240485,281761834.4250278
0.8747617319711489,1.0152080877211642,273494611.7232064
0.8783167394365419,1.0214402947744383,264436838.38056254
0.8818717469019347,1.02769777798387,254686464.9043047
0.8854267543673277,1.03398053734946,244345769.29650876
0.8889817618327205,1.0402885728712077,233519591.17925736
0.8925367692981134,1.0466218845491138,222313593.52864194
0.8960917767635063,1.0529804723831777,210832591.33125225
0.8996467842288991,1.0593643363733993,199178982.70312628
0.903201791694292,1.0657734765197793,187451313.3256669
0.9067567991596849,1.072207892822317,175742999.67056432
0.9103118066250778,1.078667585281013,164141230.63683033
0.9138668140904707,1.0851525538958668,152726061.1412085
0.9174218215558636,1.0916627986668788,141569705.11520493
0.9209768290212564,1.0981983195940486,130736029.48077096
0.9245318364866494,1.1047591166773767,120280245.1898894
0.9280868439520422,1.1113451899168623,110248786.47946824
0.931641851417435,1.1179565393125062,100679365.23679872
0.935196858882828,1.124593164864308,91601183.88045408
0.9387518663482208,1.1312550665722678,83035287.48740523
0.9423068738136138,1.1379422444363858,74995034.05493243
0.9458618812790066,1.1446546984566615,67486660.75809677
0.9494168887443996,1.1513924286330957,60509923.80243733
0.9529718962097924,1.1581554349656873,54058789.90741431
0.9565269036751853,1.1649437174544373,48122158.49870621
0.9600819111405782,1.171757276099345,42684595.234996416
0.963636918605971,1.1785961109004108,37727059.43737119
0.967191926071364,1.1854602218576349,33227610.216238905
0.9707469335367568,1.1923496089710164,29162078.492745887
0.9743019410021497,1.1992642722405564,25504694.58800969
0.9778569484675426,1.2062042116662544,22228663.51276352
0.9814119559329355,1.2131694272481102,19306682.45377063
0.9849669633983283,1.2201599189861239,16711397.156851446
0.9885219708637213,1.2271756868802959,14415795.900165204
0.9920769783291141,1.2342167309306256,12393541.499928588
0.995631985794507,1.2412830511371133,10619243.273284346
0.9991869932598999,1.2483746474997592,9068672.090737533
1.0027420007252927,1.255491520018563,7718922.586425388
1.0062970081906857,1.262633668693525,6548527.270259636
1.0098520156560784,1.2698010935246444,5537527.721282932
1.0134070231214714,1.2769937945119223,4667508.261040846
1.0169620305868643,1.2842117716553583,3921597.5379571063
1.0205170380522572,1.2914550249549523,3284443.328734914
1.02407204551765,1.2987235544107036,2742165.611446927
1.027627052983043,1.3060173600226137,2282292.6168896
1.0311820604484359,1.3133364417906817,1893684.1479317932
1.0347370679138286,1.320680799714907,1566445.9962060335
1.0382920753792215,1.328050433795291,1291838.8038122875
1.0418470828446145,1.335445344031833,1062184.2335032232
1.0454020903100074,1.342865530424533,870770.8394791442
1.0489570977754001,1.3503109929733903,711761.5844316252
1.052512105240793,1.3577817316784062,580104.5356407685
1.056067112706186,1.3652777465395802,471447.8997105756
1.059622120171579,1.3727990375569121,382060.2253273123
1.0631771276369717,1.3803456047304017,308756.31752647366
1.0667321351023646,1.3879174480600496,248829.16488458202
1.0702871425677576,1.3955145675458556,199987.98097348236
1.0738421500331505,1.4031369631878194,160302.30047830613
1.0773971574985433,1.4107846349859408,128151.94504780642
1.0809521649639362,1.4184575829402208,102182.5802642728
1.0845071724293291,1.4261558070506586,81266.51896335684
1.0880621798947219,1.433879307317254,64468.38338117699
1.0916171873601148,1.441628083740008,51015.21529824672
1.0951721948255078,1.44940213631892,40270.61578849845
1.0987272022909007,1.45720146505399,31712.501005716305
1.1022822097562934,1.4650260699452173,24914.07466445629
1.1058372172216864,1.4728759509926033,19527.638908705863
1.1093922246870793,1.480751108196147,15270.890912257137
1.112947232152472,1.4886515415558486,11915.380999734552
1.116502239617865,1.4965772510717084,9276.837844930338
1.120057247083258,1.5045282367437263,7207.096237399754
1.1236122545486509,1.5125044985719023,5587.3921309122425
1.1271672620140436,1.5205060365562357,4322.817559003198
1.1307222694794365,1.5285328506967275,3337.7540856777437
1.1342772769448295,1.5365849409933774,2572.1274805115177
1.1378322844102224,1.5446623074461854,1978.3481269073015
1.1413872918756152,1.5527649500551508,1518.8212530155881
1.144942299341008,1.5608928688202746,1163.9284575474903
1.148497306806401,1.5690460637415564,890.3972840844312
1.1520523142717938,1.577224534818996,679.9889122792083
1.1556073217371867,1.5854282820525938,518.4455407591461
1.1591623292025797,1.5936573054423497,394.6489047729257
1.1627173366679726,1.6019116049882636,299.94977498115844
1.1662723441333653,1.6101911806903348,227.63539220886193
1.1698273515987583,1.618496032548565,172.50776838115837
1.1733823590641512,1.6268261605629528,130.55077711906293
1.176937366529544,1.6351815647334982,98.66810658790878
1.180492373994937,1.6435622450602019,74.477576457713
1.1840473814603298,1.651968201543064,56.150140706768845
1.1876023889257228,1.6603994341820838,42.28420548275588
1.1911573963911155,1.6688559429772611,31.807770637723657
1.1947124038565085,1.677337727928597,23.902427454915024
1.1982674113219014,1.6858447890360908,17.944475434782905
1.2018224187872943,1.6943771262997427,13.45941026133454
1.205377426252687,1.702934739719552,10.086827321900458
1.20893243371808,1.7115176292955199,7.553417216617452
1.212487441183473,1.7201257950276458,5.652232106864665
1.2160424486488657,1.728759236915929,4.226799696920686
1.2195974561142586,1.737417954960371,3.158975768718707
1.2231524635796516,1.7461019491609708,2.3596733366419014
1.2267074710450445,1.7548112195177288,1.7618003238017261
1.2302624785104372,1.763545766030644,1.3148892197170896
1.2338174859758302,1.7723055886997179,0.9810203340104932
1.2373724934412231,1.7810906875249497,0.7317321130873174
1.2409275009066159,1.7899010625063392,0.5456831971603361
1.2444825083720088,1.798736713643887,0.4068859573207804
1.2480375158374017,1.807597640937593,0.30337372087446657
1.2515925233027947,1.8164838443874567,0.22619656871428215
1.2551475307681874,1.825395323993478,0.16866567056700893
1.2587025382335804,1.834332079755658,0.12578533401249858
1.2622575456989733,1.8432941116739956,0.09382662427672646
1.265812553164366,1.852281419748491,0.07000760855729263
1.269367560629759,1.8612940039791448,0.05225380115324139
1.272922568095152,1.8703318643659568,0.039018860415537
1.2764775755605449,1.8793950009089264,0.029150498679660467
1.2800325830259376,1.8884834136080537,0.021790283571132992
1.2835875904913305,1.8975971024633396,0.016298818605973053
1.2871425979567235,1.9067360674747835,0.012199911192263808
1.2906976054221164,1.9159003086423854,0.009138933759941506
1.2942526128875091,1.9250898259661446,0.00685178592525094
1.297807620352902,1.9343046194460625,0.005141769026396635
1.301362627818295,1.9435446890821382,0.003862362451345167
1.3049176352836878,1.9528100348743715,0.002904399537891977
1.3084726427490807,1.9621006568227635,0.0021865215311335654
1.3120276502144737,1.9714165549273133,0.0016480729036465465
1.3155826576798666,1.980757729188021,0.0012438142309716908
1.3191376651452593,1.9901241796048863,0.0009399878007242654
1.3226926726106523,1.9995159061779102,0.0007113897727797072
1.3262476800760452,2.008932908907092,0.000539191176976732
1.329802687541438,2.018375187792431,0.0004093159641568971
1.3333576950068309,2.027842742833929,0.00031123343104007034
1.3369127024722238,2.0373355740315846,0.00023705889501392214
1.3404677099376168,2.0468536813853984,0.00018088369698471325
1.3440227174030095,2.05639706489537,0.00013827584519261827
1.3475777248684024,2.0659657245615,0.00010590766065065963
1.3511327323337954,2.075559660383788,8.127797287781902e-05
1.354687739799188,2.085178872362233,6.250473167518921e-05
1.358242747264581,2.0948233604968367,4.817008305639278e-05
1.361797754729974,2.1044931247875986,3.7204552940922695e-05
1.365352762195367,2.114188165234518,2.8800398341509245e-05
1.3689077696607597,2.1239084818375957,2.2346725492335433e-05
1.3724627771261526,2.1336540745968313,1.7380862857595717e-05
1.3760177845915456,2.1434249435122252,1.3551881555262829e-05
1.3795727920569385,2.153221088583777,1.0593200739713809e-05
1.3831277995223312,2.1630425098114863,8.301993251076234e-06
1.3866828069877242,2.172889207195354,6.523685949690199e-06
1.3902378144531171,2.1827611807353797,5.140280560220882e-06
1.3937928219185098,2.192658430431563,4.061542399512915e-06
1.3973478293839028,2.2025809562839047,3.2183441744870902e-06
1.4009028368492957,2.2125287582924047,2.55763100667795e-06
1.4044578443146887,2.222501836457062,2.0386064999617583e-06
1.4080128517800814,2.2325001907778774,1.629839565785829e-06
1.4115678592454743,2.242523821254851,1.307066445568798e-06
1.4151228667108673,2.252572727887983,1.051518314848357e-06
1.41867787417626,2.2626469106772724,8.486467771144584e-07
1.422232881641653,2.27274636962272,6.87151002060039e-07
1.425787889107046,2.2828711047243258,5.582338755394294e-07
1.4293428965724388,2.2930211159820897,4.550322776443545e-07
1.4328979040378316,2.3031964033960106,3.721799619892274e-07
1.4364529115032245,2.3133969669660908,3.054715723074788e-07
1.4400079189686175,2.3236228066923283,2.516039232108517e-07
1.4435629264340104,2.3338739225747243,2.0797640503811672e-07
1.4471179338994031,2.344150314613277,1.725367083811443e-07
1.450672941364796,2.3544519828079893,1.436613471389745e-07
1.454227948830189,2.364778927158859,1.2006294870357874e-07
1.4577829562955817,2.375131147665886,1.0071817058469432e-07
1.4613379637609747,2.3855086443290716,8.481154066723378e-08
1.4648929712263676,2.3959114171484157,7.16916134459919e-08
1.4684479786917606,2.4063394661239172,6.083666997070025e-08
1.4720029861571533,2.4167927912555767,5.18278274710762e-08
1.4755579936225462,2.4272713925433944,4.432791302270227e-08
1.4791130010879392,2.43777526998737,3.806482995023124e-08
1.482668008553332,2.448304423587503,3.2818433055951574e-08
1.4862230160187249,2.458858853343795,2.841014977531906e-08
1.4897780234841178,2.4694385592562447,2.469475461935078e-08
1.4933330309495108,2.4800435413248523,2.15538356508845e-08
1.4968880384149035,2.4906737995496178,1.8890593311271757e-08
1.5004430458802964,2.501329333930541,1.6625690573488276e-08
1.5039980533456894,2.5120101444676233,1.4693934424959481e-08
1.507553060811082,2.522716231160862,1.3041616117714303e-08
1.511108068276475,2.53344759401026,1.1624374560761108e-08
1.514663075741868,2.5442042330158157,1.0405476046691506e-08
1.518218083207261,2.5549861481775293,9.354426028891112e-09
1.5217730906726536,2.5657933394954004,8.445846305233463e-09
1.5253280981380466,2.5766258069694303,7.658564804542389e-09
1.5288831056034395,2.587483550599618,6.9748760527924565e-09
1.5324381130688325,2.5983665703859637,6.379938966541664e-09
1.5359931205342252,2.609274866328467,5.861285385247004e-09
1.5395481279996182,2.6202084384271287,5.408418103204448e-09
1.543103135465011,2.6311672866819484,5.012481400377996e-09
1.5466581429304038,2.6421514110929256,4.665990436682493e-09
1.5502131503957968,2.653160811660061,4.362608551751601e-09
1.5537681578611897,2.664195488383355,4.096963646853494e-09
1.5573231653265827,2.6752554412628067,3.864496531083859e-09
1.5608781727919754,2.686340670298416,3.661335479519811e-09
1.5644331802573683,2.6974511754901833,3.4841923468958534e-09
1.5679881877227613,2.708586956838109,3.330276461898725e-09
1.571543195188154,2.7197480143421924,3.1972232381288304e-09
1.575098202653547,2.730934348002434,3.083035012744822e-09
1.5786532101189399,2.742145957818834,2.9860320902693783e-09
1.5822082175843328,2.7533828437913916,2.9048123488593758e-09
1.5857632250497256,2.7646450059201064,2.838218076945191e-09
1.5893182325151185,2.7759324442049804,2.7853089635299487e-09
1.5928732399805114,2.787245158646012,2.7453403768006784e-09
1.5964282474459044,2.7985831492432016,2.7177462421626028e-09
1.5999832549112971,2.809946415996549,2.7021259797437414e-09
1.60353826237669,2.8213349589060543,2.6982350889199195e-09
1.607093269842083,2.832748777971718,2.7059790785711826e-09
1.6106482773074757,2.844187873193539,2.725410540858645e-09
1.6142032847728687,2.855652244571519,2.756729257067546e-09
1.6177582922382616,2.8671418921056566,2.8002853097945106e-09
1.6213132997036546,2.8786568157959525,2.856585259514962e-09
1.6248683071690473,2.8901970156424053,2.9263015283020452e-09
1.6284233146344402,2.9017624916450173,3.0102852220862324e-09
1.6319783220998332,2.913353243803787,3.109582718372648e-09
1.635533329565226,2.9249692721187137,3.2254564520733644e-09
1.6390883370306188,2.9366105765897994,3.359410451662287e-09
1.6426433444960118,2.9482771572170434,3.513221315398711e-09
1.6461983519614047,2.959969014000445,3.6889754777194928e-09
1.6497533594267975,2.9716861469400038,3.889113804759339e-09
1.6533083668921904,2.983428556035722,4.116484782158162e-09
1.6568633743575834,2.9951962412875974,4.37440782605753e-09
1.660418381822976,3.0069892026956304,4.666748569397507e-09
1.663973389288369,3.018807440259822,4.9980083624276125e-09
1.667528396753762,3.030650953980172,5.373430693471193e-09
1.671083404219155,3.0425197438566793,5.7991278015432086e-09
1.6746384116845476,3.0544138098893443,6.282231438528549e-09
1.6781934191499406,3.066333152078168,6.831072572599092e-09
1.6817484266153335,3.0782777704231497,7.45539583981883e-09
1.6853034340807265,3.0902476649242896,8.166615788846027e-09
1.6888584415461192,3.1022428355815865,8.978123475190684e-09
1.6924134490115121,3.1142632823950422,9.90565380966725e-09
1.695968456476905,3.126309005364656,1.0967726328255585e-08
1.6995234639422978,3.138380004490427,1.2186174824024642e-08
1.7030784714076908,3.1504762797723567,1.3586784685452434e-08
1.7066334788730837,3.1625978312104444,1.5200060967452054e-08
1.7101884863384766,3.17474465880469,1.7062155365688804e-08
1.7137434938038694,3.186916762555093,1.921598659957491e-08
1.7172985012692623,3.1991141424616547,2.1712596518884695e-08
1.7208535087346553,3.2113367985243744,2.4612793886638696e-08
1.724408516200048,3.223584730743251,2.7989149697131817e-08
1.727963523665441,3.235857939118287,3.192842261146161e-08
1.7315185311308339,3.2481564236494807,3.653451131835381e-08
1.7350735385962268,3.2604801843368323,4.1932053209850714e-08
1.7386285460616195,3.272829221180341,4.8270816767161794e-08
1.7421835535270125,3.2852035341800088,5.573106981565061e-08
1.7457385609924054,3.2976031233358345,6.453014899833148e-08
1.7492935684577982,3.310027988647817,7.493050952255714e-08
1.752848575923191,3.322478130115959,8.724960106956279e-08
1.756403583388584,3.3349535477402585,1.0187199899657882e-07
1.759958590853977,3.3474542415207162,1.192643237125305e-07
1.7635135983193697,3.3599802114573314,1.3999361051844816e-07
1.7670686057847627,3.372531457550105,1.6474995373236137e-07
1.7706236132501556,3.3851079797990367,1.9437445066952217e-07
1.7741786207155485,3.3977097782041263,2.2989372319969075e-07
1.7777336281809413,3.410336852765373,2.7256260993090725e-07
1.7812886356463342,3.422989203482779,3.2391701662730183e-07
1.7848436431117272,3.4356668303563427,3.858394064245712e-07
1.7883986505771199,3.4483697333860635,4.606400301086195e-07
1.7919536580425128,3.461097912571943,5.5115777202786e-07
1.7955086655079058,3.473851367913981,6.608854591658488e-07
1.7990636729732987,3.486630099412176,7.94125699858972e-07
1.8026186804386914,3.4994341070665294,9.561848478951e-07
1.8061736879040844,3.512263390877041,1.1536146068631612e-06
1.8097286953694773,3.5251179508437107,1.3945131986739218e-06
1.81328370283487,3.5379977869665376,1.6889010449126863e-06
1.816838710300263,3.550902899245523,2.0491897081735805e-06
1.820393717765656,3.5638332876806667,2.4907676114119357e-06
1.823948725231049,3.5767889522719685,3.032732046204839e-06
1.8275037326964416,3.5897698930194273,3.698804509104099e-06
1.8310587401618346,3.602776109923045,4.51847586262848e-06
1.8346137476272275,3.6158076029828203,5.528439697955546e-06
1.8381687550926205,3.628864372198754,6.774387199954644e-06
1.8417237625580132,3.641946417570845,8.313255559325333e-06
1.8452787700234061,3.6550537390990945,1.0216045515840073e-05
1.848833777488799,3.6681863367835024,1.2571353171914245e-05
1.8523887849541918,3.681344210624067,1.548979831563381e-05
1.8559437924195847,3.6945273606207905,1.910957804960425e-05
1.8594987998849777,3.7077357867736724,2.3603432927949154e-05
1.8630538073503706,3.720969489082712,2.918738604639684e-05
1.8666088148157634,3.7342284675479087,3.6131707339373966e-05
1.8701638222811563,3.7475127221692643,4.4774670365439946e-05
1.8737188297465492,3.760822252946778,5.5539812905253065e-05
1.877273837211942,3.774157059880449,6.895759297085248e-05
1.880828844677335,3.7875171429702785,8.569255730533497e-05
1.8843838521427279,3.800902502216266,0.00010657742128586938
1.8879388596081208,3.8143131376184116,0.00013265581116105987
1.8914938670735135,3.8277490491767145,0.00016523585889651905
1.8950488745389065,3.8412102368911762,0.00020595738778230986
1.8986038820042994,3.854696700761796,0.00025687610959114016
1.9021588894696921,3.8682084407885724,0.0003205691038241009
1.905713896935085,3.881745456971508,0.0004002669063180747
1.909268904400478,3.895307749310602,0.0005000188472800141
1.912823911865871,3.9088953178058534,0.0006248999079318427
1.9163789193312637,3.922508162457262,0.0007812693843083299
1.9199339267966566,3.9361462832648297,0.0009770941468330147
1.9234889342620496,3.9498096802285554,0.0012223523756598365
1.9270439417274425,3.963498353348439,0.0015295374692383301
1.9305989491928353,3.97721230262448,0.0019142865312239052
1.9341539566582282,3.990951528056679,0.00239616363799215
1.9377089641236211,4.004716029645037,0.0029996352171156385
1.9412639715890139,4.018505807389552,0.0037552836181732317
1.9448189790544068,4.032320861290225,0.004701315683335229
1.9483739865197998,4.046161191347057,0.0058854362499413
1.9519289939851927,4.060026797560047,0.007367172549131431
1.9554840014505854,4.073917679929194,0.009220755011870698
1.9590390089159784,4.0878338384544985,0.011538683782325983
1.9625940163813713,4.101775273135962,0.014436139132212807
1.966149023846764,4.115741983973583,0.018056428992659888
1.969704031312157,4.129733970967363,0.02257770918329934
1.97325903877755,4.1437512341173,0.028221263047999115
1.9768140462429429,4.157793773423396,0.03526168877749619
1.9803690537083356,4.1718615888856485,0.04403941666899578
1.9839240611737285,4.185954680504061,0.05497606722202833
1.9874790686391215,4.20007304827863,0.06859326694321007
1.9910340761045144,4.214216692209357,0.08553566508304987
1.9945890835699072,4.2283856122962415,0.10659904476398457
1.9981440910353,4.242579808539286,0.13276460009013083
2.001699098500693,4.256799280938487,0.16524066141488533
2.0052541059660856,4.271044029493845,0.2055133991339513
2.0088091134314787,4.285314054205363,0.255408327953532
2.0123641208968714,4.299609355073038,0.31716477500552076
2.0159191283622646,4.3139299320968725,0.39352587358000113
2.0194741358276573,4.328275785276864,0.4878471074464045
2.02302914329305,4.342646914613012,0.6042269672421682
2.0265841507584432,4.357043320105321,0.7476638993566423
2.030139158223836,4.371465001753785,0.9242444388211923
2.0336941656892287,4.385911959558408,1.1413682310603799
2.037249173154622,4.400384193519191,1.4080165733555379
2.0408041806200146,4.414881703636129,1.7350721559439846
2.0443591880854073,4.429404489909226,2.1356988649698163
2.0479141955508005,4.443952552338482,2.6257918344924107
2.051469203016193,4.4585258909238945,3.224509410776064
2.055024210481586,4.473124505665465,3.9549003256988957
2.058579217946979,4.487748396563196,4.844641171454374
2.062134225412372,4.502397563617083,5.926901226585084
2.0656892328777645,4.517072006827127,7.241353800331991
2.0692442403431577,4.531771726193332,8.83535552946102
2.0727992478085504,4.546496721715692,10.7653174636596
2.076354255273943,4.561246993394211,13.09829428880444
2.0799092627393363,4.576022541228889,15.913820628869063
2.083464270204729,4.590823365219724,19.30602599289938
2.0870192776701217,4.605649465366716,23.386062536495725
2.090574285135515,4.62050084166987,28.284882316325195
2.0941292926009076,4.635377494129178,34.15640304414821
2.097684300066301,4.650279422744647,41.18110338884973
2.1012393075316935,4.6652066275162705,49.57009050728962
2.1047943149970862,4.6801591084440535,59.56968356427313
2.1083493224624794,4.695136865527996,71.46655736434228
2.111904329927872,4.7101398987680945,85.59348967968383
2.115459337393265,4.725168208164352,102.33575421496096
2.119014344858658,4.740221793716768,122.13819817976689
2.1225693523240508,4.75530065542534,145.51303890485067
2.1261243597894435,4.770404793290071,173.04840759078348
2.1296793672548366,4.7855342073109615,205.41765986099946
2.1332343747202294,4.8006888974880075,243.38946205046076
2.1367893821856225,4.815868863821215,287.83864884856143
2.1403443896510153,4.831074106310577,339.757831801463
2.143899397116408,4.8463046249560975,400.2697190653763
2.147454404581801,4.861560419757778,470.640084530781
2.151009412047194,4.876841490715615,552.291298908695
2.1545644195125866,4.892147837829609,646.816306557523
2.1581194269779798,4.907479461099764,755.992899793331
2.1616744344433725,4.922836360526074,881.7981073399659
2.165229441908765,4.9382185361085424,1026.4224757289016
2.1687844493741584,4.953625987847171,1192.2839822865337
2.172339456839551,4.969058715741956,1382.0412764365274
2.175894464304944,4.984516719792898,1598.6059031526074
2.179449471770337,5.000000000000001,1845.153119451644
